pâte à pizza L,ingrédients pour pizzas,180
levure unité pour 1 pizza L,ingrédients pour pizzas,669
mozarella lot pour 1 pizza L,ingrédients pour pizzas,102
fromage de chevre lot pour 1 pizza L,ingrédients pour pizzas,134
gruyère lot pour 1 pizza L,ingrédients pour pizzas,170
roquefort lot poour 1 pizza,ingrédients pour pizzas,185
lardons pour 1 pizza L,ingrédients pour pizzas,200
morceaux jambon lot pour 1 pizza L,ingrédients pour pizzas,217
tomates fraiches lot 1 pizza L,ingrédients pour pizzas,170
sauce tomate lot 1 pizza L,ingrédients pour pizzas,300
olives noires lot 1 pizza L,ingrédients pour pizzas,147
oignons lot pour 1 pizza L,ingrédients pour pizzas,245
huile d'olive dose pour 1 pizza L,ingrédients pour pizzas,234
champignons de paris lot 1 pizza L,ingrédients pour pizzas,350
sel unité pour 1 pizza L,ingrédients pour pizzas,534
poivre unité pour 1 pizza L,ingrédients pour pizzas,534
vittel 50cl,boissons,111
coca cola zero 50cl,boissons,95
minute maid orange sans pulpe 33cl,boissons,55