Madame,Costa,Louison,graybeard1806@openclassrooms.com,0697891947,fe06d1e25cba41c0c03eef2a4b445513
Monsieur,Jegou,Cabal,haired1817@laposte.net,0787174293,f8a416d58ea5fe2554112a1537d0b518
Madame,Le Floch,Leana,sirens1824@orange.fr,0637046055,ab2b042d6d476bbf6692c92b0b93d245
Monsieur,Faubert,Imrane,overdogs1812@yahoo.fr,0785489212,e2957fb66dfa4cc0e9175821b0c2de53
Madame,Lee,Iliana,heptarch1978@outlook.fr,0654892415,8954c92dd0068374579e48c185e17351
Monsieur,Lallemand,William,ergotic1838@outlook.fr,0769000186,c9519fa0a9a49b16c762f7fd83eaa8bd
Madame,Lefranc,Merla,elaterist1970@orange.fr,0671315633,7056f098618796ceda9118128c8cd9b3
Madame,Jodoin,Yasmina,gamester1920@laposte.net,0634624616,6ab77189a4969b1f0116ec176d2c3443
Monsieur,Racine,Wyatt,transform2021@openclassrooms.com,0709323384,35adc8ba45d5e96d7babebbc17a530df
Monsieur,Roth,Mahamadou,curver1942@orange.fr,0750637261,c3cbcb1e68ed18fcffbd7b381993afe4
