Pâte à Pizza L,Ingrédients pour Pizzas,180
Levure unité pour 1 Pizza L,Ingrédients pour Pizzas,669
Mozarella lot pour 1 Pizza L,Ingrédients pour Pizzas,102
Fromage de Chèvre lot pour 1 Pizza L,Ingrédients pour Pizzas,134
Gruyère lot pour 1 Pizza L,Ingrédients pour Pizzas,170
Roquefort lot poour 1 Pizza L,Ingrédients pour Pizzas,185
Lardons pour 1 Pizza L,Ingrédients pour Pizzas,200
Morceaux Jambon lot pour 1 Pizza L,Ingrédients pour Pizzas,217
Tomates Fraîches lot 1 Pizza L,Ingrédients pour Pizzas,170
Sauce tomate lot 1 Pizza L,Ingrédients pour Pizzas,300
Olives noires lot 1 Pizza L,Ingrédients pour Pizzas,147
Oignons lot pour 1 Pizza L,Ingrédients pour Pizzas,245
Huile d'olive dose pour 1 Pizza L,Ingrédients pour Pizzas,234
Champignons de paris lot 1 Pizza L,Ingrédients pour Pizzas,350
Sel unité pour 1 Pizza L,Ingrédients pour Pizzas,534
Poivre unité pour 1 Pizza L,Ingrédients pour Pizzas,534
Vittel 50cl,Boissons,111
Coca Cola Zero 50cl,Boissons,95
Minute Maid Orange Sans Pulpe 33cl,Boissons,55